Source,Original_Platform,Title,URL,SelfText_Length_Chars,Score,Comments,Published_At,Is_Link_Post
Reddit (r/MachineLearning),Reddit,[P] I replaced Dot-Product Attention with distance-based RBF-Attention (so you don't have to...),https://www.reddit.com/r/MachineLearning/comments/1s9cdq0/p_i_replaced_dotproduct_attention_with/,4327,170,27,2026-04-01 06:14:30,False
Reddit (r/MachineLearning),Reddit,[D]  TurboQuant author replies on OpenReview,https://www.reddit.com/r/MachineLearning/comments/1s8yni2/d_turboquant_author_replies_on_openreview/,3592,126,15,2026-03-31 20:11:22,False
Reddit (r/MachineLearning),Reddit,[D] Why I abandoned YOLO for safety critical plant/fungi identification. Closed-set classification is a silent failure mode,https://www.reddit.com/r/MachineLearning/comments/1s9idcm/d_why_i_abandoned_yolo_for_safety_critical/,2147,24,25,2026-04-01 11:54:14,False
Reddit (r/MachineLearning),Reddit,[D] How do ML engineers view vibe coding?,https://www.reddit.com/r/MachineLearning/comments/1s9gu8i/d_how_do_ml_engineers_view_vibe_coding/,970,24,32,2026-04-01 10:36:56,False
Reddit (r/MachineLearning),Reddit,"[R] Gram Newton-Schulz: A Fast, Hardware-Aware Newton-Schulz Algorithm for Muon",https://tridao.me/blog/2026/gram-newton-schulz/,0,17,1,2026-03-31 19:33:31,True
Reddit (r/MachineLearning),Reddit,[P] EVōC: Embedding Vector Oriented Clustering,https://www.reddit.com/r/MachineLearning/comments/1s9js6b/p_evōc_embedding_vector_oriented_clustering/,917,6,1,2026-04-01 12:57:00,False
Reddit (r/MachineLearning),Reddit,[P] Federated Adversarial Learning,https://www.reddit.com/r/MachineLearning/comments/1s9nj3a/p_federated_adversarial_learning/,1815,2,7,2026-04-01 15:18:51,False
Reddit (r/MachineLearning),Reddit,[D] Simple Questions Thread,https://www.reddit.com/r/MachineLearning/comments/1s9n1jr/d_simple_questions_thread/,291,2,0,2026-04-01 15:01:38,False
Reddit (r/MachineLearning),Reddit,[P] I built a simple gpu-aware single-node job scheduler for researchers / students,https://www.reddit.com/gallery/1s9h9gr,1327,2,1,2026-04-01 11:00:02,True
Reddit (r/MachineLearning),Reddit,[R] Literature on optimizing user feedback in the form of Thumbs up/ Thumbs down?,https://www.reddit.com/r/MachineLearning/comments/1s9roar/r_literature_on_optimizing_user_feedback_in_the/,719,1,0,2026-04-01 17:44:13,False
Reddit (r/MachineLearning),Reddit,[D] Does seeing the identify of authors influence your scoring?,https://www.reddit.com/r/MachineLearning/comments/1s9iacl/d_does_seeing_the_identify_of_authors_influence/,516,0,19,2026-04-01 11:50:09,False
Reddit (r/MachineLearning),Reddit,[R] The SPORE Clustering Algorithm,https://www.reddit.com/r/MachineLearning/comments/1s9k5kr/r_the_spore_clustering_algorithm/,5445,0,2,2026-04-01 13:11:31,False
Reddit (r/MachineLearning),Reddit,[R] Pesquisa acadêmica sobre trabalho com microtarefas de machine learning para IA,https://www.reddit.com/r/MachineLearning/comments/1s8xnpq/r_pesquisa_acadêmica_sobre_trabalho_com/,653,0,0,2026-03-31 19:36:33,False
Reddit (r/artificial),Reddit,The Claude Code leak accidentally published the first complete blueprint for production AI agents. Here's what it tells us about where this is all going.,https://www.reddit.com/r/artificial/comments/1s9jprb/the_claude_code_leak_accidentally_published_the/,3263,112,42,2026-04-01 12:54:08,False
Reddit (r/artificial),Reddit,CEO of America’s largest public hospital system says he’s ready to replace radiologists with AI,https://radiologybusiness.com/topics/artificial-intelligence/ceo-americas-largest-public-hospital-system-says-hes-ready-replace-radiologists-ai,0,105,38,2026-04-01 05:19:09,True
Reddit (r/artificial),Reddit,"OkCupid gave 3 million dating-app photos to facial recognition firm, FTC says",https://arstechnica.com/tech-policy/2026/03/okcupid-match-pay-no-fine-for-sharing-user-photos-with-facial-recognition-firm/,0,65,5,2026-04-01 01:34:54,True
Reddit (r/artificial),Reddit,"Paper Finds That Leading AI Chatbots Like ChatGPT and Claude Remain Incredibly Sycophantic, Resulting in Twisted Effects on Users",https://www.reddit.com/r/artificial/comments/1s93wyl/paper_finds_that_leading_ai_chatbots_like_chatgpt/,3225,40,47,2026-03-31 23:35:41,False
Reddit (r/artificial),Reddit,Anthropic is training Claude to recognize when its own tools are trying to manipulate it,https://www.reddit.com/r/artificial/comments/1s9hfhp/anthropic_is_training_claude_to_recognize_when/,1821,19,5,2026-04-01 11:08:05,False
Reddit (r/artificial),Reddit,Biggest Opportunity for Builders to monetise their agents,https://www.reddit.com/r/artificial/comments/1s9e04v/biggest_opportunity_for_builders_to_monetise/,202,6,11,2026-04-01 07:51:34,False
Reddit (r/artificial),Reddit,Which AI do you prefer for video editing?,https://www.reddit.com/r/artificial/comments/1s9b100/which_ai_do_you_prefer_for_video_editing/,313,5,2,2026-04-01 04:59:17,False
Reddit (r/artificial),Reddit,I built a complete vision system for humanoid robots,https://www.reddit.com/r/artificial/comments/1s9kdnq/i_built_a_complete_vision_system_for_humanoid/,1803,3,2,2026-04-01 13:20:02,False
Reddit (r/artificial),Reddit,Agents Can Now Propose and Deploy Their Own Code Changes,https://www.reddit.com/r/artificial/comments/1s9bhug/agents_can_now_propose_and_deploy_their_own_code/,939,2,4,2026-04-01 05:24:19,False
Reddit (r/artificial),Reddit,Combining the robot operating system with LLMs for natural-language control,https://techxplore.com/news/2026-03-combining-robot-llms-natural-language.html,4642,2,0,2026-04-01 16:15:50,True
Reddit (r/artificial),Reddit,A IA parece melhor porque é mais inteligente… ou porque ela não tem ego?,https://www.reddit.com/r/artificial/comments/1s96trg/a_ia_parece_melhor_porque_é_mais_inteligente_ou/,236,3,9,2026-04-01 01:41:15,False
Reddit (r/artificial),Reddit,"Is the Mirage Effect a bug, or is it Geometric Reconstruction in action?
A framework for why VLMs perform better ""hallucinating"" than guessing, and what that may tell us about what's really inside these models",https://www.reddit.com/r/artificial/comments/1s91dsr/is_the_mirage_effect_a_bug_or_is_it_geometric/,9570,2,1,2026-03-31 21:52:53,False
Reddit (r/artificial),Reddit,AI model can detect multiple cognitive brain diseases from a single blood sample,https://medicalxpress.com/news/2026-03-ai-multiple-cognitive-brain-diseases.html,3678,1,0,2026-04-01 16:32:13,True
Reddit (r/artificial),Reddit,Diffusion-based AI model successfully trained in electroplating,https://techxplore.com/news/2026-04-diffusion-based-ai-successfully-electroplating.html,1583,1,1,2026-04-01 16:26:43,True
Reddit (r/artificial),Reddit,I wore Meta’s smartglasses for a month – and it left me feeling like a creep | AI (artificial intelligence) | The Guardian,https://www.theguardian.com/technology/2026/apr/01/i-wore-metas-smartglasses-for-a-month-and-it-left-me-feeling-like-a-creep,0,0,0,2026-04-01 06:08:12,True
Reddit (r/artificial),Reddit,The missing layer between current AI and AGI may be intent architecture,https://www.reddit.com/r/artificial/comments/1s98x0b/the_missing_layer_between_current_ai_and_agi_may/,3959,0,7,2026-04-01 03:14:19,False
Reddit (r/artificial),Reddit,Which LLM is the best for writing a scientific paper?,https://www.reddit.com/r/artificial/comments/1s9k2rx/which_llm_is_the_best_for_writing_a_scientific/,450,0,6,2026-04-01 13:08:33,False
Reddit (r/artificial),Reddit,LLM agents can trigger real actions now. But what actually stops them from executing?,https://www.reddit.com/r/artificial/comments/1s955un/llm_agents_can_trigger_real_actions_now_but_what/,1482,0,3,2026-04-01 00:27:45,False
Reddit (r/technology),Reddit,CEO of America’s largest public hospital system says he’s ready to replace radiologists with AI,https://radiologybusiness.com/topics/artificial-intelligence/ceo-americas-largest-public-hospital-system-says-hes-ready-replace-radiologists-ai,0,14621,1679,2026-03-31 23:41:00,True
Reddit (r/technology),Reddit,US patent office revokes Nintendo’s patent on summoning characters to make them battle | VGC,https://www.videogameschronicle.com/news/us-patent-office-revokes-nintendos-patent-on-summoning-characters-to-make-them-battle/,0,12933,563,2026-04-01 13:11:32,True
Reddit (r/technology),Reddit,"Gabe Newell ""stepped back"" from making games at Valve after Portal 2 because everyone kept agreeing with him when he wanted ""to be part of the team and come up with ideas""",https://www.gamesradar.com/games/gabe-newell-stepped-back-from-making-games-at-valve-after-portal-2-because-everyone-kept-agreeing-with-him-when-he-wanted-to-be-part-of-the-team-and-come-up-with-ideas/,0,8059,497,2026-04-01 14:58:08,True
Reddit (r/technology),Reddit,Another Starlink satellite has inexplicably exploded,https://www.theverge.com/science/903906/another-starlink-satellite-has-inexplicably-exploded,0,7477,733,2026-04-01 01:00:44,True
Reddit (r/technology),Reddit,"Anthropic issues copyright takedown requests to remove 8,000+ copies of Claude Code source code",https://www.wsj.com/tech/ai/anthropic-races-to-contain-leak-of-code-behind-claude-ai-agent-4bc5acc7?st=BQwoMN&amp;reflink=desktopwebshare_permalink,0,7462,573,2026-04-01 12:48:59,True
Reddit (r/technology),Reddit,"OkCupid gave 3 million dating-app photos to facial recognition firm, FTC says",https://arstechnica.com/tech-policy/2026/03/okcupid-match-pay-no-fine-for-sharing-user-photos-with-facial-recognition-firm/,0,5402,143,2026-03-31 19:24:27,True
Reddit (r/technology),Reddit,"Microsoft closes worst quarter on Wall Street since 2008 on AI concerns / Microsoft lost almost a quarter of its value in the first three months of the year, its steepest quarterly drop since the 2008 financial crisis.",https://www.cnbc.com/2026/03/31/microsofts-stock-closes-worst-quarter-since-2008-financial-crisis.html,0,4797,392,2026-03-31 20:27:05,True
Reddit (r/technology),Reddit,"Entire Claude Code CLI source code leaks thanks to exposed map file | 512,000 lines of code that competitors and hobbyists will be studying for weeks.",https://arstechnica.com/ai/2026/03/entire-claude-code-cli-source-code-leaks-thanks-to-exposed-map-file/,0,4265,205,2026-03-31 19:29:37,True
Reddit (r/technology),Reddit,A million new SpaceX satellites will destroy the night sky — for everyone on Earth,https://theconversation.com/a-million-new-spacex-satellites-will-destroy-the-night-sky-for-everyone-on-earth-277938,0,3659,387,2026-04-01 06:17:33,True
Reddit (r/technology),Reddit,"Oracle is cutting up to 30,000 employees to pay for AI data centres",https://thenextweb.com/news/oracle-layoffs-march-2026,0,2745,260,2026-03-31 22:58:43,True
Reddit (r/technology),Reddit,Starlink satellite breaks apart into “tens of objects”; SpaceX confirms “anomaly”,https://arstechnica.com/tech-policy/2026/03/starlink-satellite-breaks-apart-into-tens-of-objects-spacex-confirms-anomaly/,0,1556,211,2026-03-31 22:00:30,True
Reddit (r/technology),Reddit,Anthropic accidentally exposes Claude Code source code,https://www.theregister.com/2026/03/31/anthropic_claude_code_source_code,0,1144,58,2026-04-01 01:13:36,True
Reddit (r/technology),Reddit,Apple Removes iPhone Vibe Coding App from App Store,https://gizmodo.com/apple-removes-iphone-vibe-coding-app-from-app-store-2000740084,0,986,66,2026-04-01 11:43:51,True
Reddit (r/technology),Reddit,OpenAI Valued at $852 Billion After Completing $122 Billion Round,https://www.bloomberg.com/news/articles/2026-03-31/openai-valued-at-852-billion-after-completing-122-billion-round,0,896,243,2026-03-31 20:50:46,True
Reddit (r/technology),Reddit,Kathleen Kennedy Just Told an AI Conference She’s Not So Sure About AI,https://www.hollywoodreporter.com/business/digital/kathleen-kennedy-star-wars-ai-runway-think-1236553421/,0,771,73,2026-04-01 14:25:25,True
Reddit (r/technology),Reddit,Iran Threatens to Start Attacking Major US Tech Firms on April 1,https://www.wired.com/story/iran-threatens-to-start-attacking-major-us-tech-firms-on-april-1/,0,767,131,2026-04-01 02:22:20,True
Reddit (r/technology),Reddit,Iran War Chokes Off Helium Supply Critical for AI,https://www.wsj.com/world/iran-war-chokes-off-helium-supply-critical-for-ai-bf020a3f,0,744,105,2026-04-01 16:10:26,True
Reddit (r/technology),Reddit,Penguin to sue OpenAI over ChatGPT version of German children’s book,https://www.theguardian.com/technology/2026/mar/31/penguin-sue-openai-chatgpt-german-childrens-book-kokosnuss,0,658,51,2026-04-01 12:22:16,True
Reddit (r/technology),Reddit,"If You Need a Laptop, Buy It Now: Electronics are getting more expensive and worse. Blame the AI boom.",https://www.theatlantic.com/technology/2026/03/laptop-electronics-ram-ai-tax/686628/,0,589,111,2026-03-31 21:25:04,True
Reddit (r/technology),Reddit,"First Western Digital, now Sony: The tech giant suspends SD card sales",https://mashable.com/article/sony-sd-card-sales-suspended-memory-shortage,0,335,41,2026-04-01 09:17:24,True
Reddit (r/technology),Reddit,"Kids groups say they didn’t know OpenAI was behind their child safety coalition.
“A very grimy feeling”: The ChatGPT giant quietly helped build the coalition. Some members quit when they found out.",https://sfstandard.com/2026/04/01/openai-ai-kids-safety-coalition/,0,292,15,2026-04-01 17:22:41,True
Reddit (r/technology),Reddit,Quantum Computing Built An Impossible Molecule — With Big Implications,https://www.forbes.com/sites/moorinsights/2026/03/30/quantum-computing-built-an-impossible-molecule---with-big-implications/,0,243,94,2026-04-01 08:55:40,True
Reddit (r/technology),Reddit,43 hours battery life: Dell XPS 14 2026 lasts almost 3x longer vs MacBook Air 15 M5 in web browsing test,https://www.notebookcheck.net/43-hours-battery-life-Dell-XPS-14-2026-lasts-almost-3x-longer-vs-MacBook-Air-15-M5-in-web-browsing-test.1262947.0.html,0,144,108,2026-03-31 19:35:27,True
Reddit (r/technology),Reddit,"ONLYOFFICE Gets Forked as ""Made in Europe"", Sparks Licensing and Trust Debate",https://itsfoss.com/news/onlyoffice-forked/,0,129,39,2026-04-01 10:50:08,True
Reddit (r/technology),Reddit,Oracle cuts thousands of jobs as it steps up AI spending,https://www.theguardian.com/technology/2026/apr/01/us-tech-firm-oracle-cuts-thousands-of-jobs-as-it-steps-up-ai-spending-larry-ellison,0,127,23,2026-04-01 12:08:46,True
Reddit (r/technology),Reddit,Renewables grew to almost 50% of global electricity capacity in 2025 after solar boost,https://www.reuters.com/business/energy/renewables-grew-almost-50-global-electricity-capacity-2025-after-solar-boost-2026-03-31/,0,106,5,2026-04-01 11:47:55,True
Reddit (r/technology),Reddit,Will the Iran war pop the AI bubble? | The Week,https://theweek.com/world-news/iran-war-ai-artificial-intelligence-bubble-collapse,0,104,41,2026-04-01 02:28:25,True
Reddit (r/technology),Reddit,"Iran threatens Nvidia, Apple and other tech giants with attack",https://www.cnbcafrica.com/2026/iran-threatens-nvidia-apple-and-other-tech-giants-with-attack,0,99,27,2026-04-01 13:04:18,True
Reddit (r/technology),Reddit,AT&amp;T signs deal worth $2 billion to upgrade emergency cellular network,https://finance.yahoo.com/sectors/technology/articles/t-signs-deal-worth-2-214628742.html,0,93,19,2026-03-31 23:59:24,True
Reddit (r/technology),Reddit,"Judge blocks U.S President's termination of parole for migrants who legally entered U.S. using Biden-era app | More than 900,000 people legally entered the U.S. through the CBP One application, which scheduled appointments for migrants at ports of entry beginning in January 2023.",https://www.nbcnews.com/news/us-news/judge-blocks-trump-termination-parole-migrants-legally-entered-us-usin-rcna266078,0,84,3,2026-04-01 16:56:31,True
Reddit (r/technology),Reddit,"After Intel, AMD is now also raising CPU prices by up to 15%",https://www.tweaktown.com/news/110699/after-intel-amd-is-now-also-raising-cpu-prices-by-up-to-15-percent/index.html,0,79,16,2026-04-01 06:35:52,True
Reddit (r/technology),Reddit,Microsoft is modernizing Windows 11's aging UI and shifting to native apps,https://www.pcworld.com/article/3103257/microsoft-is-modernizing-windows-11s-aging-ui-shifting-to-native-apps.html,0,80,79,2026-03-31 21:50:53,True
Reddit (r/technology),Reddit,Robotaxi companies refuse to say how often their AVs need remote help,https://techcrunch.com/2026/03/31/robotaxi-companies-refuse-to-say-how-often-their-avs-need-remote-help/,0,74,28,2026-04-01 00:44:42,True
Reddit (r/technology),Reddit,"Amazon's cloud business in Bahrain damaged in Iran strike, FT reports",https://www.reuters.com/world/middle-east/amazons-cloud-business-bahrain-damaged-iran-strike-ft-reports-2026-04-01/,0,56,7,2026-04-01 17:42:49,True
Reddit (r/technology),Reddit,"Caltech Team Finds Useful Quantum Computers Could Be Built with as Few as 10,000 Qubits.",https://www.caltech.edu/about/news/caltech-team-finds-useful-quantum-computers-could-be-built-with-as-few-as-10000-qubits,0,44,8,2026-03-31 23:18:12,True
Reddit (r/technology),Reddit,TSMC plans 3-nanometre chip production launch in Japan in 2028,https://www.reuters.com/business/autos-transportation/tsmc-plans-3-nanometre-chip-production-launch-japan-2028-2026-04-01/,0,44,0,2026-04-01 11:06:56,True
Reddit (r/technology),Reddit,Stanford scientists create shape-shifting material that changes color and texture like an octopus,https://www.sciencedaily.com/releases/2026/03/260330001140.htm,0,42,3,2026-04-01 02:38:11,True
Reddit (r/technology),Reddit,AT&amp;T signs deal worth $2 billion to upgrade emergency cellular network,https://www.reuters.com/business/media-telecom/att-signs-deal-worth-2-billion-upgrade-emergency-cellular-network-2026-03-31/,0,38,9,2026-04-01 10:21:04,True
Reddit (r/technology),Reddit,Anthropic Races to Contain Leak of Code Behind Claude AI Agent,https://www.wsj.com/tech/ai/anthropic-races-to-contain-leak-of-code-behind-claude-ai-agent-4bc5acc7,0,35,1,2026-04-01 13:35:18,True
Reddit (r/technology),Reddit,North Korea-linked hack hits largely invisible software that powers online services,https://www.reuters.com/sustainability/boards-policy-regulation/north-korea-linked-hack-hits-largely-invisible-software-that-powers-online-2026-03-31/,0,29,0,2026-04-01 10:16:00,True
Reddit (r/technology),Reddit,Robotaxi outage in China leaves passengers stranded on highways,https://www.wired.com/story/robotaxi-outage-in-china-leaves-passengers-stuck-in-cars-on-highways/,0,24,2,2026-04-01 05:06:52,True
Reddit (r/technology),Reddit,"One operator, multiple drones: Ukraine tests advanced interceptor swarm technology",https://newsukraine.rbc.ua/news/one-operator-multiple-drones-ukraine-tests-1775021429.html,0,23,0,2026-04-01 12:43:05,True
Reddit (r/technology),Reddit,Sony and TCL Sign Definitive Agreements for Strategic Partnership in the Home Entertainment Field,https://www.sony.co.jp/en/news-release/202603/26-0331E/,0,20,7,2026-04-01 03:31:22,True
Reddit (r/technology),Reddit,Baidu's Apollo Go self-driving cars stop mid-traffic in China,https://www.bbc.co.uk/news/articles/cvge91r9j80o,0,19,1,2026-04-01 12:00:26,True
Reddit (r/technology),Reddit,"Microsoft on track to invest $5.5 billion in Singapore by 2029, WSJ reports",https://www.reuters.com/world/asia-pacific/microsoft-track-invest-55-billion-singapore-by-2029-wsj-reports-2026-04-01/,0,17,1,2026-04-01 08:20:51,True
Reddit (r/technology),Reddit,Renewable energy capacity in record rise last year with war set to increase focus on sector,https://www.thenationalnews.com/business/energy/2026/04/01/renewable-energy-capacity-in-record-rise-last-year-with-war-set-to-increase-focus-on-sector/,0,16,2,2026-04-01 17:38:52,True
Reddit (r/technology),Reddit,"DRAM prices predicted to jump 63% in Q2, NAND up to 75% — follows 95% jumps in Q1, Trendforce says AI server demand keeps supply tight",https://www.tomshardware.com/pc-components/dram/dram-and-nand-contract-prices-to-climb-again-in-q2,0,13,8,2026-04-01 17:55:51,True
Reddit (r/technology),Reddit,Running local models on Macs gets faster with Ollama's MLX support | Apple Silicon Macs get a performance boost thanks to better unified memory usage.,https://arstechnica.com/apple/2026/03/running-local-models-on-macs-gets-faster-with-ollamas-mlx-support/,0,15,2,2026-04-01 03:42:30,True
Reddit (r/technology),Reddit,"As Apple turns 50, we look back at the boldest (and most questionable) hardware to ever pass through the PC Labs.",https://www.pcmag.com/articles/apple-50-hits-misses-from-the-pages-of-pc-magazine,0,8,7,2026-04-01 13:40:38,True
Reddit (r/technology),Reddit,Intel to buy back Apollo stake in Ireland factory for $14.2 billion,https://www.reuters.com/world/europe/intel-buy-back-apollo-stake-ireland-factory-142-billion-2026-04-01/,0,8,0,2026-04-01 13:10:47,True
Reddit (r/LocalLLaMA),Reddit,Llama.cpp developers right now,https://i.redd.it/qvni8jzkajsg1.jpeg,113,648,92,2026-04-01 07:48:12,True
Reddit (r/LocalLLaMA),Reddit,Claude Code's source just leaked — I extracted its multi-agent orchestration system into an open-source framework that works with any LLM,https://www.reddit.com/r/LocalLLaMA/comments/1s8xj2e/claude_codes_source_just_leaked_i_extracted_its/,1388,574,235,2026-03-31 19:32:02,False
Reddit (r/LocalLLaMA),Reddit,"TurboQuant isn’t just for KV: Qwen3.5-27B at near-Q4_0 quality, about 10% smaller, and finally fitting on my 16GB 5060 Ti",https://i.redd.it/118nngfciksg1.png,2977,409,103,2026-04-01 11:58:02,True
Reddit (r/LocalLLaMA),Reddit,"FOR ME, Qwen3.5-27B is better than Gemini 3.1 Pro and GPT-5.3 Codex",https://www.reddit.com/r/LocalLLaMA/comments/1s93n1j/for_me_qwen3527b_is_better_than_gemini_31_pro_and/,2319,325,163,2026-03-31 23:23:55,False
Reddit (r/LocalLLaMA),Reddit,PrismML — Announcing 1-bit Bonsai: The First Commercially Viable 1-bit LLMs,https://prismml.com/news/bonsai-8b,0,278,128,2026-03-31 21:34:29,True
Reddit (r/LocalLLaMA),Reddit,The source code to Aider has just leaked after being committed to github,https://github.com/Aider-AI/aider,0,146,11,2026-04-01 15:39:01,True
Reddit (r/LocalLLaMA),Reddit,Falcon-OCR and Falcon-Perception,https://v.redd.it/i9vlaiol9ksg1,388,109,17,2026-04-01 11:05:58,True
Reddit (r/LocalLLaMA),Reddit,llama : rotate activations for better quantization by ggerganov · Pull Request #21038 · ggml-org/llama.cpp,https://github.com/ggml-org/llama.cpp/pull/21038,48,99,32,2026-04-01 14:01:52,True
Reddit (r/LocalLLaMA),Reddit,Does the Claude “leak” actually change anything in practice?,https://www.reddit.com/r/LocalLLaMA/comments/1s9gol0/does_the_claude_leak_actually_change_anything_in/,347,87,87,2026-04-01 10:28:42,False
Reddit (r/LocalLLaMA),Reddit,New build,https://i.redd.it/6gcwubqi5hsg1.jpeg,422,80,32,2026-04-01 00:36:10,True
Reddit (r/LocalLLaMA),Reddit,arcee-ai/Trinity-Large-Thinking · Hugging Face,https://i.redd.it/k8o0rrfoulsg1.png,104,75,27,2026-04-01 16:24:31,True
Reddit (r/LocalLLaMA),Reddit,attn-rot (TurboQuant-like KV cache trick) lands in llama.cpp,https://github.com/ggml-org/llama.cpp/pull/21038#issue-4146294463,66,76,11,2026-04-01 15:27:20,True
Reddit (r/LocalLLaMA),Reddit,"You guys seen this? 1-bit model with an MMLU-R of 65.7, 8B params",https://www.reddit.com/r/LocalLLaMA/comments/1s91jxl/you_guys_seen_this_1bit_model_with_an_mmlur_of/,134,70,35,2026-03-31 21:59:42,False
Reddit (r/LocalLLaMA),Reddit,"A Reminder, Guys, Undervolt your GPUs Immediately. You will Significantly Decrease Wattage without Hitting Performance.",https://www.reddit.com/r/LocalLLaMA/comments/1s9i1gn/a_reminder_guys_undervolt_your_gpus_immediately/,840,70,46,2026-04-01 11:38:21,False
Reddit (r/LocalLLaMA),Reddit,Anyone else notice qwen 3.5 is a lying little shit,https://www.reddit.com/r/LocalLLaMA/comments/1s9kf23/anyone_else_notice_qwen_35_is_a_lying_little_shit/,455,65,58,2026-04-01 13:21:30,False
Reddit (r/LocalLLaMA),Reddit,1-bit llms on device?!,https://www.reddit.com/r/LocalLLaMA/comments/1s951bw/1bit_llms_on_device/,889,63,29,2026-04-01 00:22:14,False
Reddit (r/LocalLLaMA),Reddit,GLM 5.1 vs Minimax 2.7,https://www.reddit.com/r/LocalLLaMA/comments/1s8zmbc/glm_51_vs_minimax_27/,2156,46,37,2026-03-31 20:46:26,False
Reddit (r/LocalLLaMA),Reddit,"Found references to ""models/gemma-4"" hiding in AI Studio's code. Release imminent? 👀",https://www.reddit.com/r/LocalLLaMA/comments/1s9csov/found_references_to_modelsgemma4_hiding_in_ai/,842,42,10,2026-04-01 06:39:18,False
Reddit (r/LocalLLaMA),Reddit,Raspberry Pi5 LLM performance,https://www.reddit.com/r/LocalLLaMA/comments/1s8xuew/raspberry_pi5_llm_performance/,4467,33,26,2026-03-31 19:43:00,False
Reddit (r/LocalLLaMA),Reddit,16x AMD MI50 32GB at 32 t/s (tg) &amp; 2k t/s (pp) with Qwen3.5 397B (vllm-gfx906-mobydick),https://www.reddit.com/r/LocalLLaMA/comments/1s9ivgl/16x_amd_mi50_32gb_at_32_ts_tg_2k_ts_pp_with/,2553,27,36,2026-04-01 12:17:04,False
Reddit (r/LocalLLaMA),Reddit,How do we actually guarantee sandbox isolation when local LLMs have tool access?,https://www.reddit.com/r/LocalLLaMA/comments/1s9apij/how_do_we_actually_guarantee_sandbox_isolation/,1010,23,17,2026-04-01 04:42:15,False
Reddit (r/LocalLLaMA),Reddit,"""The Child That Surpassed Both Parents"" Darwin-35B-A3B-Opus (35B/3B MoE) with Model MRI Technique",https://www.reddit.com/r/LocalLLaMA/comments/1s9irdk/the_child_that_surpassed_both_parents/,1179,20,18,2026-04-01 12:12:03,False
Reddit (r/LocalLLaMA),Reddit,I think we should have sticky post about security and risks and safe practices as agentic become more prominent.,https://www.reddit.com/r/LocalLLaMA/comments/1s9b585/i_think_we_should_have_sticky_post_about_security/,638,20,18,2026-04-01 05:05:07,False
Reddit (r/LocalLLaMA),Reddit,Benchmarked 18 models that I can run on my RTX 5080 16GB using Nick Lothian's SQL benchmark,https://www.reddit.com/r/LocalLLaMA/comments/1s9mkm1/benchmarked_18_models_that_i_can_run_on_my_rtx/,2823,19,16,2026-04-01 14:44:28,False
Reddit (r/LocalLLaMA),Reddit,Someone who's using Qwen 3.5 on real code bases how good is it?,https://www.reddit.com/r/LocalLLaMA/comments/1s9hqxa/someone_whos_using_qwen_35_on_real_code_bases_how/,232,19,31,2026-04-01 11:24:01,False
Reddit (r/LocalLLaMA),Reddit,Hcompany/Holo3-35B-A3B • Huggingface,https://www.reddit.com/r/LocalLLaMA/comments/1s946dn/hcompanyholo335ba3b_huggingface/,494,13,5,2026-03-31 23:45:45,False
Reddit (r/LocalLLaMA),Reddit,Training mRNA Language Models Across 25 Species for $165,https://huggingface.co/blog/OpenMed/training-mrna-models-25-species,580,13,0,2026-03-31 21:41:13,True
Reddit (r/LocalLLaMA),Reddit,"made an LLM calculator, if anyone's interested",https://i.redd.it/gpkcqr1dkjsg1.png,125,10,6,2026-04-01 08:47:32,True
Reddit (r/LocalLLaMA),Reddit,So crazy for a 350m param model,https://www.reddit.com/r/LocalLLaMA/comments/1s9hw2e/so_crazy_for_a_350m_param_model/,501,8,1,2026-04-01 11:31:01,False
Reddit (r/LocalLLaMA),Reddit,Qwen 3.5 9B LLM GGUF quantized for local structured extraction,https://www.reddit.com/r/LocalLLaMA/comments/1s9mzrl/qwen_35_9b_llm_gguf_quantized_for_local/,1380,8,1,2026-04-01 14:59:58,False
Reddit (r/LocalLLaMA),Reddit,Sebastian Raschka's article on Claude Code architecture,https://x.com/i/status/2038980345316413862,0,8,1,2026-04-01 09:38:40,True
Reddit (r/LocalLLaMA),Reddit,Pure C implementation of the TurboQuant paper (ICLR 2026) for KV cache compression in LLM inference.,https://www.reddit.com/r/LocalLLaMA/comments/1s9eqy2/pure_c_implementation_of_the_turboquant_paper/,611,8,0,2026-04-01 08:37:24,False
Reddit (r/LocalLLaMA),Reddit,Yo-GPT - a model you can run locally to replicate the iconic app,https://www.reddit.com/r/LocalLLaMA/comments/1s9gds2/yogpt_a_model_you_can_run_locally_to_replicate/,587,6,3,2026-04-01 10:11:39,False
Reddit (r/LocalLLaMA),Reddit,Turboquant on llama.cpp for Metal using Rust,https://github.com/joshuagamboa/turboquant-apple-silicon,306,6,1,2026-04-01 08:23:09,True
Reddit (r/LocalLLaMA),Reddit,What are the best uncensored / unrestricted AI models right now? Is Qwen3.5 (HauhauCS) the best?,https://www.reddit.com/r/LocalLLaMA/comments/1s9t3ud/what_are_the_best_uncensored_unrestricted_ai/,474,5,19,2026-04-01 18:32:10,False
Reddit (r/LocalLLaMA),Reddit,Has anyone tested the quantization quality (AWQ/GPTQ/FP8/NVFP4) for Qwen3.5 9B &amp; 27B on vLLM?,https://www.reddit.com/r/LocalLLaMA/comments/1s9iyrw/has_anyone_tested_the_quantization_quality/,264,5,14,2026-04-01 12:21:11,False
Reddit (r/LocalLLaMA),Reddit,Experts-Volunteers needed for LongCat models - llama.cpp,https://www.reddit.com/r/LocalLLaMA/comments/1s9im08/expertsvolunteers_needed_for_longcat_models/,1417,5,0,2026-04-01 12:05:08,False
Reddit (r/LocalLLaMA),Reddit,The third party effect: source framing to reduce sycophantic engagement,https://www.reddit.com/gallery/1s9sh9a,3463,4,0,2026-04-01 18:11:36,True
Reddit (r/LocalLLaMA),Reddit,"Im guessing its an LM Studio update, but after update, tokens per second no longer shows under messages?",https://www.reddit.com/r/LocalLLaMA/comments/1s9efuu/im_guessing_its_an_lm_studio_update_but_after/,215,4,5,2026-04-01 08:18:12,False
Reddit (r/LocalLLaMA),Reddit,Made a ExllamaV3 quant fork of vibevoice.,https://www.reddit.com/r/LocalLLaMA/comments/1s9dhm4/made_a_exllamav3_quant_fork_of_vibevoice/,287,4,1,2026-04-01 07:19:59,False
Reddit (r/LocalLLaMA),Reddit,Local LLM inference on M4 Max vs M5 Max,https://www.reddit.com/r/LocalLLaMA/comments/1s97chj/local_llm_inference_on_m4_max_vs_m5_max/,1825,4,1,2026-04-01 02:04:04,False
Reddit (r/LocalLLaMA),Reddit,"I want to built a simple agent with some memory and basic skills, where should I start?",https://www.reddit.com/r/LocalLLaMA/comments/1s95mdj/i_want_to_built_a_simple_agent_with_some_memory/,91,4,13,2026-04-01 00:48:03,False
Reddit (r/LocalLLaMA),Reddit,Recommended models for local agentic SWE like opencode with 48vgb 128gb ram,https://www.reddit.com/r/LocalLLaMA/comments/1s940yb/recommended_models_for_local_agentic_swe_like/,883,4,8,2026-03-31 23:39:35,False
Reddit (r/LocalLLaMA),Reddit,IBM and Apache 2? Who Would Have Thought - Granite 4 3B Vision,https://www.reddit.com/r/LocalLLaMA/comments/1s8z2pv/ibm_and_apache_2_who_would_have_thought_granite_4/,1423,3,3,2026-03-31 20:26:41,False
Reddit (r/LocalLLaMA),Reddit,What hardware to buy if I want to run a 70 B model locally?,https://www.reddit.com/r/LocalLLaMA/comments/1s9se9f/what_hardware_to_buy_if_i_want_to_run_a_70_b/,589,3,15,2026-04-01 18:08:48,False
Reddit (r/LocalLLaMA),Reddit,Is the DGX Spark worth the money?,https://www.reddit.com/gallery/1s9qyum,2909,3,23,2026-04-01 17:19:38,True
Reddit (r/LocalLLaMA),Reddit,Anyone using LLMs for reviewing documents (feedback/fact-checking/sanity-checking): Do you have any advice?,https://www.reddit.com/r/LocalLLaMA/comments/1s9nk6b/anyone_using_llms_for_reviewing_documents/,933,3,2,2026-04-01 15:19:54,False
Reddit (r/LocalLLaMA),Reddit,"I wrote a from-scratch quantization lesson covering FP8, GPTQ, AWQ, and GGUF with actual implementations you can run",https://www.reddit.com/r/LocalLLaMA/comments/1s9g89h/i_wrote_a_fromscratch_quantization_lesson/,2021,4,2,2026-04-01 10:03:14,False
Reddit (r/LocalLLaMA),Reddit,Will 48 vs 64 GB of ram in a new mbp make a big difference?,https://www.reddit.com/r/LocalLLaMA/comments/1s99ctu/will_48_vs_64_gb_of_ram_in_a_new_mbp_make_a_big/,335,3,30,2026-04-01 03:35:11,False
Reddit (r/LocalLLaMA),Reddit,Will Google TurboQuant help people with low end hardware?,https://www.reddit.com/r/LocalLLaMA/comments/1s93c75/will_google_turboquant_help_people_with_low_end/,147,3,16,2026-03-31 23:11:28,False
Reddit (r/programming),Reddit,Announcement: Temporary LLM Content Ban,https://www.reddit.com/r/programming/comments/1s9jkzi/announcement_temporary_llm_content_ban/,1045,1168,130,2026-04-01 12:48:20,False
Reddit (r/programming),Reddit,"""Why does this code look like this?"" Nobody knows. That's the problem.",https://maintainable.fm/episodes/russ-olsen-the-hidden-cost-of-forgetting-why-the-code-looks-like-that-uozj8sOU,661,165,50,2026-03-31 22:28:22,True
Reddit (r/programming),Reddit,What's cch? Reverse Engineering Claude Code's Request Signing,https://a10k.co/b/reverse-engineering-claude-code-cch.html,258,22,8,2026-04-01 03:14:08,True
Reddit (r/programming),Reddit,Breaking Enigma with Index of Coincidence on a Commodore 64,https://imapenguin.com/2026/03/breaking-enigma-with-index-of-coincidence-on-a-commodore-64/,0,14,2,2026-03-31 21:52:12,True
Reddit (r/programming),Reddit,Wrapping my head around Tail Recursion and TCO,https://functiondispatch.substack.com/p/understanding-tail-recursion-and-tco,0,11,0,2026-04-01 12:26:03,True
Reddit (r/programming),Reddit,Understanding CPUs by building one in Kotlin,https://bloder.io/cpu-from-scratch-part-1,731,4,0,2026-04-01 17:21:29,True
Reddit (r/programming),Reddit,Throttling can silently drop the final state of an interaction,https://blog.gaborkoos.com/posts/2026-03-31-Your-Throttling-Is-Lying-to-You/,62,4,1,2026-04-01 13:00:17,True
Reddit (r/programming),Reddit,Timesliced reservoir sampling: a new(?) algorithm for profilers,https://pythonspeed.com/articles/reservoir-sampling-profilers/,0,2,0,2026-04-01 16:27:40,True
Reddit (r/programming),Reddit,The journey of a request in a Raft-based KV store (from client to commit),https://abdellani.dev/posts/2026-04-01-the-journey-of-a-request-in-a-raft-based-kv-store/,701,2,0,2026-04-01 12:50:55,True
Reddit (r/programming),Reddit,Simple Top-Down Parsing in Python,https://web.archive.org/web/20150228044653/http://effbot.org/zone/simple-top-down-parsing.htm,0,1,1,2026-04-01 15:20:28,True
Reddit (r/programming),Reddit,The API is the Platform • Shamasis Bhattacharya,https://youtu.be/70hmVqBO1gI?list=PLEx5khR4g7PJy5LslEV6EbSEhmw-88ezL,0,1,0,2026-04-01 12:15:20,True
Reddit (r/programming),Reddit,Solved distributed GraphQL N+1 Query Problem Annotation Driven,https://www.youtube.com/watch?v=Hq8Q60PFd3Y,26,1,0,2026-04-01 11:57:41,True
Reddit (r/programming),Reddit,Deterministic(ish) machine configuration with Python,https://matt.si/2026-04/dotfiles/,0,1,0,2026-04-01 11:52:46,True
Reddit (r/programming),Reddit,You can't scale when you're dead [TigerBeetle video],https://www.youtube.com/watch?v=iWGB7b4ZvtU,382,0,0,2026-04-01 15:45:10,True
Reddit (r/programming),Reddit,Making Services With Go Right Way,https://snawoot.github.io/go_web_right_way.html,0,0,4,2026-03-31 22:56:55,True
Reddit (r/programming),Reddit,How to implement Server-Sent Events in Go,https://youtu.be/nvijc5J-JAQ,0,0,0,2026-03-31 19:41:03,True
Reddit (r/programming),Reddit,I Rebuilt Traceroute in Rust and It Was Simpler Than I Expected,https://tech.stonecharioteer.com/posts/2026/traceroute/,0,0,6,2026-04-01 17:13:24,True
Reddit (r/programming),Reddit,"I switched to OOP, it's better!",https://www.youtube.com/watch?v=p0ibKUGR2bg,0,0,5,2026-04-01 17:01:10,True
Reddit (r/programming),Reddit,"The pain of microservices can be avoided, but not with traditional databases",https://blog.redplanetlabs.com/2026/03/31/the-pain-of-microservices-can-be-avoided-but-not-with-traditional-databases/,0,0,2,2026-04-01 18:05:07,True
Hacker News,Hacker News,EmDash – a spiritual successor to WordPress that solves plugin security,https://blog.cloudflare.com/emdash-wordpress/,0,266,163,2026-04-01 16:14:38,True
Hacker News,Hacker News,Ask HN: Who is hiring? (April 2026),https://news.ycombinator.com/item?id=47601859,1386,123,97,2026-04-01 15:01:36,False
Hacker News,Hacker News,TurboQuant KV Compression and SSD Expert Streaming for M5 Pro and IOS,https://github.com/SharpAI/SwiftLM,0,27,6,2026-04-01 18:06:00,True
Hacker News,Hacker News,StepFun 3.5 Flash is #1 cost-effective model for OpenClaw tasks (300 battles),https://app.uniclaw.ai/arena?tab=costEffectiveness&via=hn,0,85,30,2026-04-01 16:17:35,True
Hacker News,Hacker News,AI for American-produced cement and concrete,https://engineering.fb.com/2026/03/30/data-center-engineering/ai-for-american-produced-cement-and-concrete/,0,63,55,2026-04-01 17:17:24,True
Hacker News,Hacker News,NASA Artemis II moon mission live launch broadcast,https://plus.nasa.gov/scheduled-video/nasas-artemis-ii-crew-launches-to-the-moon-official-broadcast/,0,165,79,2026-04-01 17:11:31,True
Hacker News,Hacker News,An Introduction to Writing Systems and Unicode,https://r12a.github.io/scripts/tutorial/part2,0,17,5,2026-03-29 17:43:52,True
Hacker News,Hacker News,CERN levels up with new superconducting karts,https://home.cern/news/news/engineering/cern-levels-new-superconducting-karts,0,345,79,2026-04-01 07:27:13,True
Hacker News,Hacker News,The OpenAI Graveyard: All the Deals and Products That Haven't Happened,https://www.forbes.com/sites/phoebeliu/2026/03/31/openai-graveyard-deals-and-products-havent-happened-openai/,0,140,98,2026-04-01 15:55:30,True
Hacker News,Hacker News,"Show HN: Zerobox – Sandbox any command with file, network, credential controls",https://github.com/afshinm/zerobox,2178,40,40,2026-03-30 14:32:36,True
Hacker News,Hacker News,Show HN: Real-time dashboard for Claude Code agent teams,https://github.com/simple10/agents-observe,1357,48,17,2026-04-01 16:24:28,True
Hacker News,Hacker News,Show HN: Git bayesect – Bayesian Git bisection for non-deterministic bugs,https://github.com/hauntsaninja/git_bayesect,0,11,3,2026-03-28 20:32:01,True
Hacker News,Hacker News,Is BGP safe yet?,https://isbgpsafeyet.com/,0,196,69,2026-04-01 13:10:29,True
Hacker News,Hacker News,The AI Marketing BS Index,https://bastian.rieck.me/blog/2026/bs/,0,35,3,2026-04-01 17:55:12,True
Hacker News,Hacker News,"Random numbers, Persian code: A mysterious signal transfixes radio sleuths",https://www.rferl.org/a/mystery-numbers-station-persian-signal-iran-war/33700659.html,232,77,82,2026-04-01 11:39:04,True
Hacker News,Hacker News,Ukrainian Drone Holds Position for 6 Weeks,https://defenceleaders.com/news/ukrainian-combat-robot-holds-frontline-position-for-six-weeks-in-sign-of-growing-ugv-maturity/,0,47,14,2026-04-01 17:57:40,True
Hacker News,Hacker News,Ada and Spark on ARM Cortex-M – A Tutorial with Arduino and Nucleo Examples,http://inspirel.com/articles/Ada_On_Cortex.html,0,38,8,2026-03-28 06:26:42,True
Hacker News,Hacker News,Consider the Greenland Shark (2020),https://www.lrb.co.uk/the-paper/v42/n09/katherine-rundell/consider-the-greenland-shark,0,69,28,2026-03-27 07:39:40,True
Hacker News,Hacker News,Intuiting Pratt Parsing,https://louis.co.nz/2026/03/26/pratt-parsing.html,0,122,40,2026-03-30 12:31:52,True
Hacker News,Hacker News,Randomness on Apple Platforms (2024),https://blog.xoria.org/randomness-on-apple-platforms/,0,36,1,2026-03-27 14:41:03,True
Hacker News,Hacker News,Claude Wrote a Full FreeBSD Remote Kernel RCE with Root Shell (CVE-2026-4747),https://github.com/califio/publications/blob/main/MADBugs/CVE-2026-4747/write-up.md,0,203,91,2026-04-01 05:21:48,True
Hacker News,Hacker News,Apple at 50,https://www.apple.com/,0,10,0,2026-04-01 18:48:30,True
Hacker News,Hacker News,Show HN: CLI to order groceries via reverse-engineered REWE API (Haskell),https://github.com/yannick-cw/korb,747,180,78,2026-03-30 06:45:58,True
Hacker News,Hacker News,The Document Foundation ejects its core developers,https://www.collaboraonline.com/blog/tdf-ejects-its-core-developers/,0,69,33,2026-04-01 11:09:11,True
Hacker News,Hacker News,Playing Wolfenstein 3D with one hand in 2026,https://arstechnica.com/gaming/2026/03/playing-wolfenstein-3d-with-one-hand-in-2026/,0,21,8,2026-03-28 13:46:27,True
Hacker News,Hacker News,Claude Code Unpacked : A visual guide,https://ccunpacked.dev/,649,953,346,2026-04-01 05:15:37,True
Hacker News,Hacker News,A dot a day keeps the clutter away,https://scottlawsonbc.com/post/dot-system,0,508,155,2026-03-31 21:15:01,True
Hacker News,Hacker News,Chess in SQL,https://www.dbpro.app/blog/chess-in-pure-sql,0,166,39,2026-03-29 13:25:16,True
Hacker News,Hacker News,"Show HN: 1-Bit Bonsai, the First Commercially Viable 1-Bit LLMs",https://prismml.com/,0,378,143,2026-03-31 21:01:18,True
Hacker News,Hacker News,SpaceX Files to Go Public,https://www.nytimes.com/2026/04/01/technology/spacex-ipo-elon-musk.html,0,19,1,2026-04-01 17:49:54,True
Hacker News,Hacker News,Show HN: Sycamore – next gen Rust web UI library using fine-grained reactivity,https://sycamore.dev,0,89,62,2026-04-01 12:30:18,True
Hacker News,Hacker News,TruffleRuby,https://chrisseaton.com/truffleruby/,0,191,26,2026-03-28 18:39:39,True
Hacker News,Hacker News,TinyLoRA – Learning to Reason in 13 Parameters,https://arxiv.org/abs/2602.04118,0,228,44,2026-03-27 12:11:12,True
Hacker News,Hacker News,New patches allow building Linux IPv6-only,https://www.phoronix.com/news/Linux-IPv6-IPv4-Legacy-Knobs,0,103,128,2026-04-01 13:15:33,True
Hacker News,Hacker News,MiniStack (replacement for LocalStack),https://ministack.org/,0,301,62,2026-03-31 20:48:15,True
Hacker News,Hacker News,Bring Back MiniDV with This Raspberry Pi FireWire Hat,https://www.jeffgeerling.com/blog/2026/minidv-with-raspberry-pi-firewire-hat/,0,115,24,2026-03-28 21:04:06,True
Hacker News,Hacker News,4D Doom,https://github.com/danieldugas/HYPERHELL,0,269,76,2026-03-27 22:19:34,True
Hacker News,Hacker News,CUDA Released in Basic,https://developer.nvidia.com/blog/cuda-tile-programming-now-available-for-basic/,0,21,3,2026-04-01 16:19:49,True
Hacker News,Hacker News,A Letter to John Ternus,https://marco.org/2026/04/01/letter-to-john-ternus,0,9,1,2026-04-01 18:35:46,True
Hacker News,Hacker News,Magic mushroom-infused products appear in Colorado gas stations,https://theconversation.com/magic-mushroom-infused-products-appear-in-colorado-gas-stations-what-public-health-officials-want-consumers-to-know-274935,0,14,0,2026-04-01 16:50:57,True
Hacker News,Hacker News,Axios compromised on NPM – Malicious versions drop remote access trojan,https://www.stepsecurity.io/blog/axios-compromised-on-npm-malicious-versions-drop-remote-access-trojan,0,1900,778,2026-03-31 02:54:17,True
Hacker News,Hacker News,The Finest Swiss Quality Quaternions,https://se3.ch/,0,14,1,2026-04-01 12:58:45,True
Hacker News,Hacker News,US FDA Expected to Lift Restrictions on Dozen Peptides Previously Banned,https://www.nytimes.com/2026/03/31/health/peptide-ban-fda-rfk-jr.html,0,6,3,2026-04-01 18:24:40,True
Hacker News,Hacker News,OpenAI closes funding round at an $852B valuation,https://www.cnbc.com/2026/03/31/openai-funding-round-ipo.html,180,506,470,2026-03-31 20:07:30,True
Hacker News,Hacker News,Teenage Engineering's PO-32 acoustic modem and synth implementation,https://github.com/ericlewis/libpo32,0,138,32,2026-03-28 01:04:56,True
Hacker News,Hacker News,Neanderthals survived on a knife's edge for 350k years,https://www.science.org/content/article/neanderthals-survived-knife-s-edge-350-000-years,0,221,187,2026-04-01 01:12:12,True
Hacker News,Hacker News,Spotify takes on its doppelgänger problem,https://www.platformer.news/spotify-artist-profile-protection/,0,4,0,2026-04-01 18:29:50,True
Hacker News,Hacker News,Ordinary Lab Gloves May Have Skewed Microplastic Data,https://nautil.us/ordinary-lab-gloves-may-have-skewed-microplastic-data-1279386,0,131,51,2026-03-31 21:22:48,True
Hacker News,Hacker News,From 300KB to 69KB per Token: How LLM Architectures Solve the KV Cache Problem,https://news.future-shock.ai/the-weight-of-remembering/,0,150,11,2026-03-28 22:42:23,True
Hacker News,Hacker News,Cohere Transcribe: Speech Recognition,https://cohere.com/blog/transcribe,0,215,69,2026-03-31 16:27:02,True
Hacker News,Hacker News,The Autocrat's Dilemma,https://www.theatlantic.com/international/2026/04/donald-trump-xi-jinping-china-authoritarianism/686631/,0,8,2,2026-04-01 17:26:48,True
Hacker News,Hacker News,Estonia to relaunch Skype as Europe's sovereign platform,https://estonianworld.com/technology/estonia-to-relaunch-skype-as-europes-sovereign-platform/,0,22,7,2026-04-01 15:12:53,True
Hacker News,Hacker News,Show HN: Postgres extension for BM25 relevance-ranked full-text search,https://github.com/timescale/pg_textsearch,2648,187,51,2026-03-31 16:29:52,True
Hacker News,Hacker News,Back to FreeBSD – Part 2 – Jails,https://hypha.pub/back-to-freebsd-part-2,0,111,28,2026-03-27 18:55:02,True
Hacker News,Hacker News,What Is Copilot Exactly?,https://idiallo.com/blog/what-is-copilot-exactly,0,67,45,2026-04-01 16:39:46,True
Hacker News,Hacker News,I traced my traffic through a home Tailscale exit node,https://tech.stonecharioteer.com/posts/2026/tailscale-exit-nodes/,0,137,70,2026-03-31 19:46:43,True
Hacker News,Hacker News,A new way to measure poverty shows the US falling behind Europe,https://www.euronews.com/business/2026/03/29/a-new-way-to-measure-poverty-shows-the-us-falling-behind-europe,0,72,60,2026-04-01 17:02:19,True
Hacker News,Hacker News,Digitizing photos from the 1998 Game Boy Camera,https://swiftrocks.com/digitizing-photos-from-the-1998-game-boy-camera,0,67,15,2026-03-29 11:50:44,True
Hacker News,Hacker News,"Learn Something Old Every Day, Part XVIII: How Does FPU Detection Work?",https://www.os2museum.com/wp/learn-something-old-every-day-part-xviii-how-does-fpu-detection-work/,0,64,6,2026-03-28 16:29:16,True
Hacker News,Hacker News,"In Case of Emergency, Make Burrito Bison 3 (2017)",https://juicybeast.com/2017/08/03/in-case-of-emergency-make-burrito-bison-3/,0,26,8,2026-03-30 14:45:35,True
Hacker News,Hacker News,Replace axios with a simple custom fetch wrapper,https://kentcdodds.com/blog/replace-axios-with-a-simple-custom-fetch-wrapper,0,14,2,2026-04-01 08:32:34,True
Hacker News,Hacker News,Show HN: Forkrun – NUMA-aware shell parallelizer (50×–400× faster than parallel),https://github.com/jkool702/forkrun,2872,142,38,2026-03-27 12:12:20,True
Hacker News,Hacker News,CSS or BS?,https://www.keithcirkel.co.uk/css-or-bs/,0,9,0,2026-04-01 12:46:59,True
Hacker News,Hacker News,Why the US Navy won't blast the Iranians and 'open' Strait of Hormuz,https://responsiblestatecraft.org/iran-strait-of-hormuz/,0,433,1252,2026-03-31 09:30:43,True
Hacker News,Hacker News,Analyzing Geekbench 6 under Intel's BOT,https://www.geekbench.com/blog/2026/03/analyzing-geekbench-6-under-intels-bot/,0,41,15,2026-04-01 03:27:38,True
Hacker News,Hacker News,6o6 v1.1: Faster 6502-on-6502 virtualization for a C64/Apple II Apple-1 emulator,http://oldvcr.blogspot.com/2026/03/6o6-v11-faster-6502-on-6502.html,0,31,1,2026-03-29 02:58:35,True
Hacker News,Hacker News,Ask HN: What dev tools do you rely on that nobody talks about?,https://news.ycombinator.com/item?id=47602040,259,12,7,2026-04-01 15:16:12,False
Hacker News,Hacker News,What major works of literature were written after age of 85? 75? 65?,https://statmodeling.stat.columbia.edu/2026/03/25/what-major-works-of-literature-were-written-after-age-of-85-75-65/,0,142,95,2026-03-28 16:29:28,True
Hacker News,Hacker News,"The Claude Code Source Leak: fake tools, frustration regexes, undercover mode",https://alex000kim.com/posts/2026-03-31-claude-code-source-leak/,365,1324,543,2026-03-31 13:04:30,True
Hacker News,Hacker News,GitHub Monaspace Case Study,https://lettermatic.com/custom/monaspace-case-study,0,142,47,2026-03-31 15:01:35,True
Hacker News,Hacker News,OpenAI demand sinks on secondary market as Anthropic runs hot,https://www.bloomberg.com/news/articles/2026-04-01/openai-demand-sinks-on-secondary-market-as-anthropic-runs-hot,0,123,57,2026-04-01 14:26:16,True
Hacker News,Hacker News,"Iran threatens Nvidia, Apple and other 18 tech companies",https://www.cnbc.com/2026/04/01/iran-irgc-nvidia-appple-attack-threat.html,0,37,20,2026-04-01 12:31:36,True
Hacker News,Hacker News,Combinators,https://tinyapl.rubenverg.com/docs/info/combinators,0,147,40,2026-03-31 11:49:03,True
Hacker News,Hacker News,Google's 200M-parameter time-series foundation model with 16k context,https://github.com/google-research/timesfm,0,309,107,2026-03-31 05:21:59,True
Hacker News,Hacker News,Artemis II is not safe to fly,https://idlewords.com/2026/03/artemis_ii_is_not_safe_to_fly.htm,0,863,596,2026-03-31 02:23:50,True
Hacker News,Hacker News,Slop is not necessarily the future,https://www.greptile.com/blog/ai-slopware-future,0,293,467,2026-03-31 14:32:26,True
Hacker News,Hacker News,Ollama is now powered by MLX on Apple Silicon in preview,https://ollama.com/blog/mlx,0,627,352,2026-03-31 03:40:45,True
Hacker News,Hacker News,"Good CTE, Bad CTE",https://boringsql.com/posts/good-cte-bad-cte/,0,191,43,2026-03-30 07:11:11,True
Hacker News,Hacker News,Ask HN: Client took over development by vibe coding. What to do?,https://news.ycombinator.com/item?id=47599303,2314,44,29,2026-04-01 11:09:03,False
Hacker News,Hacker News,Open source CAD in the browser (Solvespace),https://solvespace.com/webver.pl,0,360,119,2026-03-31 12:50:23,True
Hacker News,Hacker News,GitHub's Historic Uptime,https://damrnelson.github.io/github-historical-uptime/,0,483,120,2026-03-31 19:01:29,True
Hacker News,Hacker News,Show HN: Claude Code rewritten as a bash script,https://github.com/jdcodes1/claude-sh,189,40,12,2026-03-31 23:24:48,True
Hacker News,Hacker News,Remembering Magnetic Memories and the Apollo AGC,https://2earth.github.io/website/20260304.html,0,13,3,2026-04-01 07:22:41,True
Hacker News,Hacker News,Microsoft: Copilot is for entertainment purposes only,https://www.microsoft.com/en-us/microsoft-copilot/for-individuals/termsofuse,0,555,196,2026-03-31 14:25:37,True
Hacker News,Hacker News,Accidentally created my first fork bomb with Claude Code,https://www.droppedasbaby.com/posts/2602-01/,0,75,18,2026-03-31 07:40:18,True
Hacker News,Hacker News,We Built It with Slide Rules. Then We Forgot How,https://unmitigatedrisk.com/?p=1227,0,69,27,2026-04-01 15:50:23,True
Hacker News,Hacker News,Inside the 'self-driving' lab revolution,https://www.nature.com/articles/d41586-026-00974-2,0,59,8,2026-03-30 14:39:43,True
Hacker News,Hacker News,Show HN: Baton – A desktop app for developing with AI agents,https://getbaton.dev/,614,57,47,2026-04-01 12:11:30,True
Hacker News,Hacker News,Claude Code's source code has been leaked via a map file in their NPM registry,https://twitter.com/Fried_rice/status/2038894956459290963,443,2028,1000,2026-03-31 09:00:40,True
Hacker News,Hacker News,Nematophagous Fungus,https://en.wikipedia.org/wiki/Nematophagous_fungus,0,45,10,2026-03-27 13:41:22,True
Hacker News,Hacker News,Claude Code users hitting usage limits 'way faster than expected',https://www.theregister.com/2026/03/31/anthropic_claude_code_limits/,0,315,212,2026-03-31 12:11:29,True
Hacker News,Hacker News,Fedware: Government apps that spy harder than the apps they ban,https://www.sambent.com/the-white-house-app-has-huawei-spyware-and-an-ice-tip-line/,0,673,273,2026-03-30 18:16:00,True
Hacker News,Hacker News,Super Micro Computer Investors Look for Exits,https://catenaa.com/markets/equities/super-micro-computer-investors-look-for-exits/,0,41,23,2026-03-31 19:57:54,True
Hacker News,Hacker News,"GitHub backs down, kills Copilot pull-request ads after backlash",https://www.theregister.com/2026/03/30/github_copilot_ads_pull_requests/,0,593,363,2026-03-31 05:11:24,True
Hacker News,Hacker News,Cherri – programming language that compiles to an Apple Shortuct,https://github.com/electrikmilk/cherri,0,348,73,2026-03-27 23:39:44,True
Hacker News,Hacker News,"""We enabled the availability of iOS 18.7.7 for more devices""",https://support.apple.com/en-us/126793,0,4,0,2026-04-01 19:00:05,True
Hacker News,Hacker News,Vulnerability research is cooked,https://sockpuppet.org/blog/2026/03/30/vulnerability-research-is-cooked/,0,251,167,2026-03-30 18:43:38,True
Hacker News,Hacker News,Ask HN: Distributed data centers in our basements,https://news.ycombinator.com/item?id=47587597,426,70,63,2026-03-31 14:05:42,False
Hacker News,Hacker News,Scotty: A beautiful SSH task runner,https://freek.dev/3064-scotty-a-beautiful-ssh-task-runner,0,62,29,2026-03-31 16:12:29,True
