Title,Normalized_URL,Original_URL,Source,Type,Published,All_Sources,Source_Count,Trending_Flag,Score
Robotaxi companies refuse to say how often their AVs need remote help,techcrunch.com/2026/03/31/robotaxi-companies-refuse-to-say-how-often-their-avs-need-remote-help,https://techcrunch.com/2026/03/31/robotaxi-companies-refuse-to-say-how-often-their-avs-need-remote-help/,TechCrunch,RSS,"Tue, 31 Mar 2026 21:35:51 +0000","['TechCrunch', 'Reddit (r/technology)']",2,True,
Robotaxi Outage in China Leaves Passengers Stranded on Highways,wired.com/story/robotaxi-outage-in-china-leaves-passengers-stuck-in-cars-on-highways,https://www.wired.com/story/robotaxi-outage-in-china-leaves-passengers-stuck-in-cars-on-highways/,WIRED,RSS,"Wed, 01 Apr 2026 01:24:55 +0000","['WIRED', 'Reddit (r/technology)']",2,True,
Iran Threatens to Start Attacking Major US Tech Firms on April 1,wired.com/story/iran-threatens-to-start-attacking-major-us-tech-firms-on-april-1,https://www.wired.com/story/iran-threatens-to-start-attacking-major-us-tech-firms-on-april-1/,WIRED,RSS,"Tue, 31 Mar 2026 21:25:12 +0000","['WIRED', 'Reddit (r/technology)']",2,True,
Lyria 3 Pro: Create longer tracks in more Google products,blog.google/innovation-and-ai/technology/ai/lyria-3-pro,https://blog.google/innovation-and-ai/technology/ai/lyria-3-pro/,AI,RSS,"Wed, 25 Mar 2026 16:00:00 +0000","['Google DeepMind News', 'AI']",2,True,
Proximal Policy Optimization,openai.com/index/openai-baselines-ppo,https://openai.com/index/openai-baselines-ppo,OpenAI News,RSS,"Thu, 20 Jul 2017 07:00:00 GMT","['Hugging Face - Blog', 'OpenAI News']",2,True,
Back to The Future: Evaluating AI Agents on Predicting Future Events,huggingface.co/blog/futurebench,https://huggingface.co/blog/futurebench,Hugging Face - Blog,RSS,"Thu, 17 Jul 2025 00:00:00 GMT","['cs.AI updates on arXiv.org', 'Hugging Face - Blog']",2,True,
Object Detection Leaderboard,huggingface.co/blog/object-detection-leaderboard,https://huggingface.co/blog/object-detection-leaderboard,Hugging Face - Blog,RSS,"Mon, 18 Sep 2023 00:00:00 GMT","['Hugging Face - Blog', ""Lil'Log""]",2,True,
Why We Think,lilianweng.github.io/posts/2025-05-01-thinking,https://lilianweng.github.io/posts/2025-05-01-thinking/,Lil'Log,RSS,"Thu, 01 May 2025 00:00:00 +0000","['cs.LG updates on arXiv.org', ""Lil'Log""]",2,True,
"Show HN: 1-Bit Bonsai, the First Commercially Viable 1-Bit LLMs",prismml.com,https://prismml.com/,Hacker News,RSS,"Tue, 31 Mar 2026 21:01:18 +0000","['Reddit (r/LocalLLaMA)', 'Hacker News']",2,True,
Claude Code users hitting usage limits 'way faster than expected',bbc.com/news/articles/ce8l2q5yq51o,https://www.bbc.com/news/articles/ce8l2q5yq51o?at_medium=RSS&at_campaign=rss,BBC News,RSS,"Wed, 01 Apr 2026 11:59:19 GMT","['BBC News', 'Hacker News']",2,True,
OpenAI Is Falling Out of Favor With Secondary Buyers,bloomberg.com/news/articles/2026-04-01/openai-demand-sinks-on-secondary-market-as-anthropic-runs-hot,https://www.bloomberg.com/news/articles/2026-04-01/openai-demand-sinks-on-secondary-market-as-anthropic-runs-hot,Bloomberg Technology,RSS,"Wed, 01 Apr 2026 14:10:41 GMT","['Bloomberg Technology', 'Hacker News']",2,True,
Intel to Pay $14 Billion to Buy Back Apollo Stake in Ireland Plant,bloomberg.com/news/articles/2026-04-01/intel-intc-to-pay-14-billion-to-buy-back-apollo-apo-stake-in-ireland-plant,https://www.bloomberg.com/news/articles/2026-04-01/intel-intc-to-pay-14-billion-to-buy-back-apollo-apo-stake-in-ireland-plant,Bloomberg Technology,RSS,"Wed, 01 Apr 2026 13:00:05 GMT","['Bloomberg Technology', 'Reddit (r/technology)']",2,True,
Anthropic Accidentally Exposes System Behind Claude Code,bloomberg.com/news/articles/2026-04-01/anthropic-accidentally-releases-source-code-for-claude-ai-agent,https://www.bloomberg.com/news/articles/2026-04-01/anthropic-accidentally-releases-source-code-for-claude-ai-agent,Bloomberg Technology,RSS,"Wed, 01 Apr 2026 02:28:31 GMT","['Bloomberg Technology', 'Reddit (r/technology)']",2,True,
"Elon Musk’s SpaceX Files to Go Public, Setting Stage for Huge I.P.O.",nytimes.com/2026/04/01/technology/spacex-ipo-elon-musk.html,https://www.nytimes.com/2026/04/01/technology/spacex-ipo-elon-musk.html,NYT > Technology,RSS,"Wed, 01 Apr 2026 17:41:38 +0000","['NYT > Technology', 'Hacker News']",2,True,
CUDA Tile Programming Now Available for BASIC!,developer.nvidia.com/blog/cuda-tile-programming-now-available-for-basic,https://developer.nvidia.com/blog/cuda-tile-programming-now-available-for-basic/,NVIDIA Technical Blog,RSS,2026-04-01T16:00:00Z,"['NVIDIA Technical Blog', 'Hacker News']",2,True,
CEO of America’s largest public hospital system says he’s ready to replace radiologists with AI,radiologybusiness.com/topics/artificial-intelligence/ceo-americas-largest-public-hospital-system-says-hes-ready-replace-radiologists-ai,https://radiologybusiness.com/topics/artificial-intelligence/ceo-americas-largest-public-hospital-system-says-hes-ready-replace-radiologists-ai,Reddit (r/artificial),Social (Reddit),2026-04-01 05:19:09,"['Reddit (r/artificial)', 'Reddit (r/technology)']",2,True,105.0
"OkCupid gave 3 million dating-app photos to facial recognition firm, FTC says",arstechnica.com/tech-policy/2026/03/okcupid-match-pay-no-fine-for-sharing-user-photos-with-facial-recognition-firm,https://arstechnica.com/tech-policy/2026/03/okcupid-match-pay-no-fine-for-sharing-user-photos-with-facial-recognition-firm/,Reddit (r/artificial),Social (Reddit),2026-04-01 01:34:54,"['Reddit (r/artificial)', 'Reddit (r/technology)']",2,True,65.0
